rating,user,category,age,date,review,review_cate
5,bea********,가족여행으로 좋아요,50대,2024.03.11,가족들이 시간내서 여행하기힘든데 어렵게 시간내서 하노이로 여행을하게되어 즐거웠는데 박영준가이드님과 써브로 싼이 가이드님까지 알차고 즐겁고 행복한 시간들이었습니다 저희남편이 위경련이 나서 정말 힘들어했는데 여러 방면으로 애써주시고 죽까지 부탁해서 끓여주시고 너무 감사했습니다~~ 만나기전 가이드가 어떨까?생각을많이하게되는데 덕분에 즐거운 하노이 여행이 되었고 가족과 함께 기억에 남을 여행이되었습니다 감사합니다~~,"가이드가 열정적이에요
가이드가 배려 깊고 세심해요
객실이 깨끗해요
일정이 알차요
현지 음식이 다양해요"
5,hd0*****,가족여행으로 좋아요,60대,2024.03.09,난생처음 남매끼리 해외여행을하는데 초등동창모임팀을만나 괴로웠어요 아침부터저녁까지 음주가무에 시달렸어요 예약때부터 남매간이라고 얘기를 했는데 .. 동창은 동창끼리 가족은 가족끼리 쪼인을 했으면 즐거웠을텐데 아쉬웠읍니다,"객실이 깨끗해요
일정이 알차요
식당 뷰가 좋아요
가격이 합리적이에요
가이드가 배려 깊고 세심해요"
5,lic****,친구모임으로 좋아요,70대,2024.03.09,"모처럼 일정을 내서 떠난 여행이 정말 만족스러워요 가이드도 잘만나서 여행일정이 힘들지 않았고 구경코스며 식사문제도 대체로 만족스러웠어요 숙소도 좋았습니다 하나투워의 파워도 많이 느낄수 있었습니다 앞으로 여행은 무조건 하나투워로 정할껍니다 가이드도 전문가로 포스를 느낄수 있을정도로 ,37명을 무리없이 가이드하는 능력에 박수를 보냄니다 김학술부장님 화~이~팅","호텔에서 쉬기 좋아요
일정이 여유로워요
현지 음식이 맛있어요
가격만큼 가치 있어요
가이드가 전문적이에요"
5,dhy***,기타,70대,2024.03.08,김용관 기이드의 안내를 받으며 3월3일부터 7일까지 마을민들과 하노이 하롱베이 여행을 잘 다녀 왔어요.김용관 가이드의 친철하고 상세한 안내와 더불어 여행팀을 배려해주는 마음은 38명의 여행팀들의 환심을 사고 마지막날 서로 아쉬움을 나누는 모습을 보면서 이번여행은 아주 좋은 가이드님을 맡나 모두가 즐거운 여행을 했구나 생각하며 여행을 추진한 사람으로 흐뭇하기만 했다.,"객실이 깨끗해요
일정이 알차요
현지 음식이 다양해요
가격이 합리적이에요
가이드가 배려 깊고 세심해요"
5,man******,친구모임으로 좋아요,50대,2024.03.08,정규동 가이드님 인솔하에 저희팀들 아무런 사고없이 일정을 마칠수 있어서 감사했습니다 날씨가 좋았으면 더 좋았을건데 해무가 끼어서 좀 아쉬움이 남았네요 객실뷰도 신경써 주셔서 좋았구 음식도 못 먹으면 어쩌나했는데 음식도 맛있었습니다 날씨는 덥지도않고 춥지도 않아서 여행하기 나쁘지않은 날씨였어요,"객실이 깨끗해요
가이드가 전문적이에요
가이드가 열정적이에요
가이드가 배려 깊고 세심해요
일정이 알차요"
5,man******,친구모임으로 좋아요,50대,2024.03.08,정규동가이드님 덕분에 이번여행도 좋은 추억이 되었습니다 세심한 배려 덕분에 놓칠수있는 부분도 볼수 있어서 좋았습니다 여행이 첨인 친구들과 남편도 이번여행이 기억에 오래 남는다고하네요 하롱베이 크루즈도 넘좋았고 해변자유시간도 주셔서 즐거웠습니다,"객실이 깨끗해요
호텔이 관광지와 가까워요
객실 뷰가 좋아요
가이드가 열정적이에요"
5,보르보,가족여행으로 좋아요,40대,2024.03.06,먼저 알찬 패키지여행을 다녀와서 기분이 너무 좋습니다. 정우승 가이드님의 자연스러운 안내가 너무 좋았습니다. 자유여행이면 모르고 넘어가는 부분이 많을텐데 여러 설명이 너무 좋았습니다.,"객실이 깨끗해요
일정이 알차요
가이드가 전문적이에요
가이드가 열정적이에요
가이드가 배려 깊고 세심해요"
5,kim*******,가족여행으로 좋아요,40대,2024.02.26,가족해외여행은 처음이라서 분주하게 알아보고 준비과정도 철저히 준비하고 떠난여행이라서 현지 가이드 김학술부장님을 만나뵙고 일일이 알뜰하게 챙겨주시고 풍부한 설명과함께 부모님 및 가족들이 대단히 만족스러운 여행을 다녀온듯 합니다. 김학술부장님이 진짜 재치있는 말과 세심한 배려 덕분에 또 기회가 된다면 김학술부장님과 다시 만나뵙고 싶습니다.^^ 하나투어 최고!,"객실이 깨끗해요
일정이 알차요
현지 음식이 다양해요
가이드가 전문적이에요
가이드가 열정적이에요"
5,착한맘,친구모임으로 좋아요,50대,2024.02.20,상품가격대비 알차고 재밌고 좋았습니다. 아쉬움이 있었다면 너무 늦은밤 비행시간이 피고함으로 이어져 여행후 컨디션관리로 힘들었습니다. 일정을 하루 더 늘리더라도 비행시간을 늦지않은 시간대가 되었으면 합니다. 현지에서의 음식은 최고로 맛있었으며 호텔또한 훌륭하였고 조식도 싱싱한과일들과 싱싱한야채들로 다양하게 맛볼수있어서 즐거운여행 되었습니다~,"객실이 깨끗해요
일정이 알차요
현지 음식이 맛있어요
가격이 합리적이에요
가이드가 재밌어요"
4,gir*****,가족여행으로 좋아요,40대,2024.02.18,가족여행 숙소 편하게 쉬기 좋았고 조식 맛있었어요 관광지 다니면서 중간중간 간식 제공 넘 좋았어요 여행 다니며 가이드분이 데리고간 식당 음식이 모두 맛있었고 패키지라 몇일동안 같이 다닌 다른일행분들 모두 좋았고 알차고 즐거운 여행이였어요,"객실이 깨끗해요
호텔에서 쉬기 좋아요
일정이 여유로워요
현지 음식이 맛있어요
가격이 합리적이에요"
4,hbj****,커플여행으로 좋아요,50대,2024.02.17,하롱베이에서의 유유자적 여유롭고 멋있는 풍광을 잊을수가 없네여..바다위로 솟은 동굴은 신비롭기 그지없고..감탄이 절로나옵니다.. 가족과 연인과 누구나 함께할수있는 여행인것같습니다..감사해여~^^,"호텔이 시내에 있어요
일정이 알차요
현지 음식이 다양해요
가이드가 전문적이에요"
5,kim******,가족여행으로 좋아요,60대,2024.02.17,남편의 칠순을 맞아 남편과 함께한 여행인데 패키지여행이라서 괜찮을지 걱정했지만 가이드의 배려로 동행한분들과 불편함없이 행복하고 즐거운여행이었습니다. 하롱베이에서의 하루는 알차고신나게 보냈고 두번의 맛사지는 정말 최고였습니다. 가족여행으로 추천합니다.,"객실이 깨끗해요
일정이 알차요
현지 음식이 다양해요
가격이 합리적이에요
가이드가 열정적이에요"
5,사랑,가족여행으로 좋아요,50대,2024.02.16,"부모님과 제가 해외여행이 처음이라 어디를 가야하지 고민하다가 베트남 하노이와 하롱베이를 가게 되었습니다.🛩 현지가이드분과 ""유해진"" 가이드분이 기다리고 계셔서 만난 후 와야 되는 분들이 계셔서 1시간정도를 카페에서 음료와 반미를 먹으면서 기다리고, 나머지분들이 오신 후 버스를 타고 이동을 했습니다. 첫날은 생각보단 별다른것 없이 넘어갔고, 둘째날부터 광장도 가고, 간식도 먹고 즐겁게 보냈습니다. 이번 일정에서 제가 중3이다보니 같이 패키지하시는 분들이 잘 챙겨주시는 거 같았고, 유해진 가이드분도 저희 가족 포함 모든 분들을 잘 챙...","객실이 깨끗해요
일정이 알차요
현지 음식이 다양해요
가격이 합리적이에요
가이드가 전문적이에요"
5,nad*******,가족여행으로 좋아요,40대,2024.02.15,"숙소- 여행기간 거리도 가까웠어요. 객실도 깨끗하고 침대도 푹신하니, 잠도 푹~ 잘 잤어요. 조식도 생각보다 더 맛있었습니다. 여행일정 - 일정시작시간이 타이트하지 않고, 적당해서 좋았어요. 날씨 - 여행사에서는 두루뭉술한 한국의 봄,가을 날씨와 비슷하다고 하였으나, 생각보다 바람도 많이 불고 흐리며 쌀쌀하여 추웠습니다. 패딩과 겨울옷 챙겨가지 않았다면 날씨때문에 몹시 고생했을지 싶네요.","객실이 깨끗해요
호텔이 시내에 있어요
호텔에서 쉬기 좋아요
일정이 여유로워요
현지 음식이 맛있어요"
4,k01*****,가족여행으로 좋아요,40대,2024.02.13,전반적으로 만족합니다만 첫날과 마지막날 일정이 너무 빡빡했습니다. 소수민족박물관이나 주석궁 같은 곳에서 천천히 둘러보고 기념품도 사고 싶었는데 개인 시간을 너무 안 줘서 좀 아쉬웠어요 마지막날 롯데마트에서도 선물 살 시간을 좀더 줬더라면 하는 아쉬움이 있습니다. 하롱베이에 갔을 때도 동굴을 찬찬히 둘러보고 사진도 찍고 싶었는데 너무 정신이 없었어요. 크루즈안에서 점심 먹을 때 사람이 너무 몰려서 제대로 먹을 수가 없었습니다.. 여러곳을 다 가보는 것보다 몇 곳을 빼더라도 한 곳 한 곳 찬찬히 둘러볼 시간을 주시면 더 만족할 것 같습...,"호텔에서 쉬기 좋아요
즐길 거리가 다양해요
가이드가 열정적이에요"
5,navall789,가족여행으로 좋아요,30대,2024.02.12,"★★수학의 정석이 있다면 하노이/하롱베이 가이드의 정석은 ""서정철 가이드""님이 있습니다!!!★★ 가족여행으로 부모님 모시고 갔는데, 단순 관광이 아닌 가이드님이 문화와 역사를 설명해주면서 관광을 하니 건물을 보더라도 왜 그렇게 됐는지 왜 이러는지에 대해 알면서 보니 머리속에 생생하게 남아서 더 의미있는 시간이 되었습니다 :) 최선과 열정을 다해서 설명해주시고 팀원들 늘 챙겨주시고, 가이드님이 데려가신 이색카페에서도 재밌는 시간을 보내서 좋았습니다. 가는 식당마다 다 맛있고 배부르게 먹고 콩카페에서 커피도 맛있게 먹었습니다♥ 저녁식사...","객실이 깨끗해요
일정이 알차요
식당이 청결해요
가이드가 전문적이에요
가이드가 열정적이에요"
5,glo******,가족여행으로 좋아요,50대,2024.02.12,"모든 장소가 다 좋았지만 그중 쵝오는 하롱베이 비경 ~~ 최준호 가이드님의 오랜 가이드 경험에서 나오는 전문가다운 설명과 배려심,세심함 너무 좋았어요. 건강히 오래오래 활동 하시길 바랍니다.","객실이 깨끗해요
일정이 알차요
식당이 청결해요
가격이 합리적이에요
가이드가 전문적이에요"
5,aud*******,가족여행으로 좋아요,30대,2024.02.07,가족들과 함께한 첫 해외여행이었습니다. 준비하면서 가이드에대한 걱정을 정말 많이했었어요. 박동하 가이드님 제 걱정을 싹 덜어주셨어요. 또 함께 하고 싶을만큼 최고의 여행이었습니다.,"일정이 알차요
객실 뷰가 좋아요
가이드가 전문적이에요
가이드가 배려 깊고 세심해요"
5,han******,가족여행으로 좋아요,40대,2024.02.06,가족여행으로 선택했는데 아이부터 어르신까지 만족했어요 패키지는 피곤한여행이라 생각했는데 왕성한 가이드님 덕분에 힘들지 않고 피곤하지 않은 여행이였습니다 현지식 한식 적절히 되어있고 특히 한식 다 맛있었어요 안전제일로 여기시고 배테랑 가이드님 답게 정말 코스 순서 설명 완벽하구요 저희 아들이 가이드님 한테 푹빠졌네요 ^^뭐든 붐비지 않고 여행이 될수 있게 해주셔서 감사했습니다 .,"객실이 깨끗해요
호텔에서 쉬기 좋아요
일정이 여유로워요
현지 음식이 맛있어요
가이드가 전문적이에요"
4,klc*****,가족여행으로 좋아요,50대,2024.02.05,부부가 10여년만에 해외로 여행하는 하노이와 하롱베이는 여러모로 알찬 여행이었습니다. 날씨도 첫날과 마지막날 약간의 비가 왔을뿐 여행내내 선선하고 해가 비치는 좋은날도 있어 더욱 좋았으며 현지식사와 호텔조식도 아주 좋았습니다. 하롱베이의 멋진 광경또한 경이로왔으며 재래시장방문등 다양한 볼거리가 있어 더욱 좋았습니다.특히 함께한 여행자분들과의 관계도 원만하여 화기애애하게 여행 하였습니다. 다음에도 또 가보고 싶은 여행이었습니다. 박동하가이드님 감사합니다. 가이드님 덕분에 베트남에 대해 많이 알게되었고 모두에게 배려해주셔서 더욱 좋았습...,"객실이 깨끗해요
객실 뷰가 좋아요
일정이 알차요
현지 음식이 맛있어요
가이드가 배려 깊고 세심해요"
5,hyo*****,가족여행으로 좋아요,40대,2024.02.04,"동남아는 많이 가봤으나 이상하게 베트남과는 인연이 없어 가족여행으로 처음으로 방문하게 되었어요! 엄미와 조카, 언니와 다녀왔어요. 엄마, 조카를 위한 볼거리가 좋았고, 함께 이동할때 세심하게 챙겨주시는 가이드분(최준호가이드님, 베트남분)이 있어서 유익하게 알차게 다냐왔습니다. 베트남은 한마디로 열대과일 천국이네요. 그 중 가장 인상적인 건 낑깡나무, 자몽나무요! ㅎㅎ 너무 탐스러워서 가져오고 싶은 정도였습니다. 특히 하롱베이 호텔은 너무너무 좋았어요! 하나투어 덕분에 엄마도, 조카도 만족하는 여행 다녀왔습니다! 넘 감사합니다!! ...","객실 뷰가 좋아요
즐길 거리가 다양해요
일정이 알차요
가이드가 전문적이에요
가이드가 배려 깊고 세심해요"
5,den***,가족여행으로 좋아요,50대,2024.02.04,"박훈가이드님과 만난게 너무나 행운이였습니다 . 친정엄마(85세)와의 여행이 다음엔 어려울 수 있어 이것 저것 준비물과 일정을 챙기면서도 잘 케어해 드릴 수 있을까 걱정이 많았으나 박.훈.가이드님을 만나므로 해결됐습니다. 모든 일정을 같이할 수있었고 식사 선택과 간식도 너무 좋았으며 편하게 잘 다녀올 수 있었습니다. 하나투어와 박훈가이드님에 감사드리며, 엄마가 좋은 추억으로 두고두고 간직하실것 같습니다.","객실이 깨끗해요
일정이 알차요
현지 음식이 맛있어요
가이드가 전문적이에요
가이드가 배려 깊고 세심해요"
5,hok******,가족여행으로 좋아요,70대,2024.02.04,저가항공이라서인지 너무비좁아 불편한것말고는 대체로 가성비좋은 만족한여행이었다 ㆍ특히 가이드님의해박한 현지설명과 친절이 좋구 호텔도 깨끗하고 조식부페도 다양한 음식으로 입이 즐거웠다 ㆍ끝으로 여행사에게 한가지 부탁하구싶은건 현지날씨좀 정확하게 알려주세요 ㆍ여행내내 너무추워서 힘들었읍니다 ㆍ,"객실이 깨끗해요
즐길 거리가 다양해요
현지 음식이 다양해요
가이드가 전문적이에요
가이드가 배려 깊고 세심해요"
5,유쾌지수,가족여행으로 좋아요,40대,2024.01.30,"아들 대학 가기 전에 급하게 예약하고 다녀온 첫 베트남 패키지 여행~ 미리 준비하지 못했지만 여행을 위해 수고해 주신 많은 분들 덕분에 잘 다녀올 수 있어서 행복하고, 좋은 추억으로 남을 것 같아요^^ 밤 출국과 새벽 귀국으로 첫날과 마지막날 각각 비행기에서 잠을 자면서 하루를 시작하는 일정이라서 피로와 시간 낭비가 걱정됐지만.. 걱정과는 달리 전체적으로 알차게 다니며 베트남에 대해서 알아보고 현지의 문화를 느낄 수 있었습니다. 다양한 연령과 많은 인원(25명)의 여행객들이 여행기간 동안 즐겁고 편안하게 참여할 수 있도록 세심하...","호텔에서 쉬기 좋아요
일정이 알차요
현지 음식이 다양해요
가격만큼 가치 있어요
가이드가 배려 깊고 세심해요"
5,ros******,가족여행으로 좋아요,50대,2024.01.25,"1일차~~~~ 처음 타본 베트남항공...너무좋았어요^^ 여유있는 좌석,승무원의 친절함,맛있는 기내식등 모든게 좋았네요~ 하노이공항에 도착후 첫인상은 짜증이 확~~~ 희뿌연 매연에 엄청난 오토바이 소음,무질서등 이건 아니다 싶었네요ㅜㅜ 그런데 마중나와주신 현지가이드 두원(?)님과 최준호 가이드님을 뵈니 한순간에 그런걱정이 쏵~~풀렸어요. 차분하신 최가이드님의 안내를 시작으로 간단하게 하노이 관광을 마치고 1박. 2일차~~~~ 하룽베이로 가는 버스 안에서 재미있는(?) 아재개그로 긴장을 풀어주셨는데 참 재미있었습니다. 하룽 시...","객실이 깨끗해요
일정이 알차요
현지 음식이 맛있어요
가격이 합리적이에요
가이드가 전문적이에요"
5,lka****,가족여행으로 좋아요,50대,2024.01.24,"지친 일상속 모처럼의 여유시간~동생부부와 함께 한 행복하고 소중한 순간들이었습니다. 여행의 시직과 끝 하노이에서의 일정도 무난했지만 특히 하롱베이에서의 2박은 아름다운 자연경관은 물론 식사,호텔컨디션 정말 기대이상 좋았습니다 1일1간식도 흥미롭고 소소한 행복이던데요 조인된 분들도 점잖으시고 배려있으셔서 편안하게 3박5일을 보냈습니다 항상 곁에서 든든하게 성심을 다해 안내해 주시고 유익한 정보도 많이 주시고 이동시간동안 지루할까봐 유머스러움은 1도없게 점잖아 보이시는데 웃게해주려 노력해주신 최준호 가이드님 덕분에 부족함이나 불편...","객실이 깨끗해요
일정이 알차요
현지 음식이 다양해요
가격이 합리적이에요
가이드가 배려 깊고 세심해요"
5,yb4**,가족여행으로 좋아요,40대,2024.01.22,"어머니 칠순을 맞이하여 가족여행으로 간 하롱베이!! 우선 제가 지금까지 간 패키지 여행중에 가장 좋았던거 같습니다. 하롱베이의 멋진 자연 경관이 너무 인상 깊었고, 깨끗한 호텔과 멋진 뷰,,, 최상층의 인피니티 풀을 너무 좋았던거 같습니다. 그리고 식사도 어머니가 식성이 까다로우신데 모두 맛있다고 할 정도 입니다. 가이드님(이주성)도 배려깊고, 열정적이고 전문적으로 설명을 해주셨던 거 같습니다. 패키지 여행이라서 쇼핑센터 3회 방문은,,,음,,, 패키지라 어쩔 수 없이 감내해야 할 부분이구요 다 좋았는데, 한 가지 아쉬웠던 점은 ...","객실 뷰가 좋아요
일정이 알차요
현지 음식이 맛있어요
가격만큼 가치 있어요
가이드가 열정적이에요"
5,tol******,가족여행으로 좋아요,50대,2024.01.21,"코로나이후 처음으로 선택한 가족여행, 베트남 하롱베이는 선택을 잘한 것 같다. 하노이는 도로에 오토바이로 가득차고 금방이라고 부딪칠 것 같은 아찔한 순간들이 많았는데 사고가 나지 않는게 신기할 정도다. 하노이는 홍강이 흐르고, 자연으로 조성된 하루에 다 둘러 볼수 없을 정도로 아주 넓은 호수가 있는 도시로 롯데타워에서 시내를 바라다 보는 것도 멋진 풍경이었다. 하노이에 복원해서 살았던 호치민생가도 나름은 운치가 있었다. 하노이에서 먹었던 쌀국수와 분짜는 맛있게 먹었다. 호텔의 음식은 하노이, 깨끗하고 뷰가 좋은 곳은 하롱베이다. ...","객실 뷰가 좋아요
현지 음식이 맛있어요
가이드가 배려 깊고 세심해요
즐길 거리가 다양해요
가격만큼 가치 있어요"
5,nak*********,친구모임으로 좋아요,20대,2024.01.20,식폭행 당한다는 말이 어울릴 정도로 음식을 끊이지 않게 먹을 수 있습니다 버블티가 젤 맛있어요 그리고 김학술 가이드님이 세심하셔서 음식 취향도 생각해서 고수도 미리 다 따로 달라고 요청하세요 현지 가이드 유진 언니도 친절하시고 사진도 열심히 찍어주셔서 좋았어요 호텔도 너무 좋았고 두번째 간 호텔 조식 쌀국수 완전 맛있었어요 선택관광이 여행일정을 함께하려면 무조건 해야하는 것들이 있지만 다 가이드님 따라서 하시는게 좋아요 돈 아깝지 않았어요 스피드보트도 빠지 부럽지 않게 재밌었고 쉴 틈 없이 여행할 수 있어요,"객실이 깨끗해요
호텔이 관광지와 가까워요
호텔에서 쉬기 좋아요
객실 뷰가 좋아요
일정이 알차요"
4,cyw******,가족여행으로 좋아요,10대,2024.01.18,🚩또 가고 싶을만큼 마음에 들어요!!! 해외여행 이렇게 가성비로 가도 되나 싶을정도로 너무 좋았네요 다음에 또 가고 싶을만큼 가이드님께서 꼼꼼히 잘 챙겨주셨고 이것저것 소개도 많이 해주셔서 머리에 꽤 많은 정보들을 담아왔네요~~ ㅎㅎ 완전 추천 드립니담!!! 그리고 혹시 이 리뷰 보고 가실 분들이 계신다면 하노이 호텔 앞에 롯데타워 건물이 크게 세워져 있어요 선택 관광 중에 롯데타워 가는 게 있는데 이거 하기 전에 롯데마트 먼저 한 번 가보세요!! 하루 일정들이 끝난 뒤면 보통 7-8시? 되는데 이 때 롯데타워 지하 1층에 ...,"호텔이 시내에 있어요
일정이 알차요
현지 음식이 맛있어요
가격이 합리적이에요
가이드가 열정적이에요"
5,lmh******,친구모임으로 좋아요,60대,2024.01.17,숙소가 넘 깨끗하고 넓고 편안해서 좋았어요 함께 한 최준호 가이드님의 세심한 배려와 전문성 으로 베트남에 대해서 새롭게 알게 된 부푼들도 있어서 감사했습니다 세자매가 처음으로 함께 한 해외여행~ 모든것이 잘 어우러져 잼나고 행복하게 잘 다녀왔습니당~~^^,"객실이 깨끗해요
일정이 여유로워요
가이드가 배려 깊고 세심해요
가격이 합리적이에요
현지 음식이 맛있어요"
4,een******,가족여행으로 좋아요,40대,2024.01.17,저렴한 상품대비 일정이 알차고 무엇보다 잠자리가 깨끗하고 편안했음. 특히 최준호 가이드님의 베트남 역사 이야기가 재밌었고 여행내내 불편함이 1도 없을만큼 전문적이고 편안하게 응대해주심.,"객실이 깨끗해요
일정이 알차요
가격이 합리적이에요
가이드가 전문적이에요
가이드가 재밌어요"
4,텍사스,가족여행으로 좋아요,60대,2024.01.17,음식이 맛있고 훌륭했다. 호텔도 여행지랑 가까워서 투어중에 잠깐 더운 날씨에 샤워 할 시간을 줘서 상쾌한 순간도 있었다. 현지 가이드의 어늘한 한국말도 잘 전달되고 유익했다. 단지 인솔자님의 무성의한 답변과 덜 갖춰진 상식과 여행지 설명이 부족했다. 하롱베이호텔에서 하이퐁 공항까지 45분 소요되는 거리에 호텔에 두고온 물건을 한국돈6만원을 지불해야 택시로 받을수 있다해서 지불한것이 다소 풀리지 않은 숙제이다.정말 6만원 드는 거리인지...,"호텔이 관광지와 가까워요
일정이 여유로워요
현지 음식이 맛있어요
가격이 합리적이에요"
5,efa****,가족여행으로 좋아요,60대,2024.01.16,하롱베이 멋진 곳 입니다. 크루즈체험과 크루즈뷔페 좋았습니다. 적당히 운동도 되고(앤뜨) 볼거리 먹을거리 적당히 좋았 습니다. 그러나 쇼핑이 과한 금액과 상품 용량 속임이 있어 맘이 안 좋 았습니다. 선택상품역시 가격책정이 너무 비싸 만족한 여행은 아니였습니다. 조금 관심갖고 적정한 가격을 정하는게 여행자의 만족도를 높이지 않을까 합니다. 나름 즐거운 여행 했습니다. 감사 합니다~,"객실이 깨끗해요
호텔 부대시설이 좋아요
일정이 알차요
현지 음식이 다양해요
가이드가 열정적이에요"
5,pup******,가족여행으로 좋아요,50대,2024.01.14,"새해를 맞아 가족여행으로 가게 된 하노이 하롱베이 여행 너무 좋았어요! 어머니를 모시고 가느라 여러모로 신경이 많이 쓰였는데, 잘생기고 멋진 가이드 이경운 부장님의 세심하고 친절한 배려로 여행기간 동안 만족스럽고 즐거웠어요^^ 센스있게 맛있는 열대과일 도시락을 한가득 제공해주신 가이드님 덕분에 호텔 냉장고에 넣어두고 실컷 먹을수 있어서 너무 좋았어요! 스트릿카를 타고 하노이 재래시장과 시내를 투어한 일정도 현지인의 생활모습을 생생히 느낄수 있어서 색다르고 좋았구요 . 개인적인 취향이긴하지만 하노이, 하롱베이 코스는 베트남의 ...","객실이 깨끗해요
호텔에서 쉬기 좋아요
일정이 알차요
가이드가 배려 깊고 세심해요
즐길 거리가 다양해요"
5,suh*****,가족여행으로 좋아요,30대,2024.01.14,처음엔.장기영가이드님후기가없어서 매우걱정하고갔습니다.근데 너무즐겁게여행했습니다. 가이드님은 매우FM이었습니다.ㅎㅎㅎ 일정에나온걸 무조건 다해야하시고 일정에있는것들 빠질까봐 마지막까지도 채크해주셨어요. 여행내내 비가와서 그점이너무아쉬웠지만 그래도 아이들과같이가서 우리팀에 초등이 우리집둘째하나여서 배려를많이해주시고 챙겨주시고 감사했습니다.하롱베이호텔은 너무좋았습니다.근데 하노이호텔은쏘쏘!! 그리고 아이가 밥못먹어서계속걱정해주신것도좋았고 우리팀이32명이었는데도 누구하나 모난사람없이 다좋았고 마지막까지도 너무다들 좋은분위기좋았습니다.이래...,"객실이 깨끗해요
객실 뷰가 좋아요
일정이 알차요
현지 음식이 다양해요
가이드가 전문적이에요"
4,Lovely,가족여행으로 좋아요,40대,2024.01.07,가족여행 다녀왔습니다. 이번엔 경치휴양을 하고싶어서 하롱베이를 선택했어요. 근데 일정이 알차다보니 휴양하려는 계획이 너무 힘들었어요 ㅋㅋㅋ 매일 아침 5:30분에는 일어나 6시 조식먹고 씻고 후다닥 호텔 로비에 7:20~40분 사이에 미팅후 버스이동하고 저녁되서야 호텔에 오면 돌아다닐 기운도 없이 씻고 쓰러져야해요. 특히나 하롱베이호텔 주변에 아무것도 없어서 뭘 사러 나가지도 못해서 너무 불편했습니다. 택시타고 나갔다올까 생각도 했지만 호텔이 외지고 밤늦은시간이라 그냥 패스했는데 하루종일 일정도 빠뜻해서 어디 마켓같은데 들릴 시...,"객실 뷰가 좋아요
즐길 거리가 다양해요
가이드가 전문적이에요
가이드가 열정적이에요
가이드가 배려 깊고 세심해요"
5,coz*****,가족여행으로 좋아요,60대,2024.01.06,판단력이 좋은 가이드분이라 프로그램을 일기 상황에 맞게 조정해 주셔서 알찬 여행으로 여행 3일을 보람차게 할수 있었습니다. 왕성한 가이드님 너무 열정적이라 병 날까 걱정 되네요. 건강 잘 챙기시고 다음에 갈 기회생기면 또 뵐수 있길 기대해 봅니다. 많은 배려로 여행기간 내내 감사한 마음으로 여행 했답니다. 감사 합니다.,"객실이 깨끗해요
일정이 알차요
현지 음식이 다양해요
가격이 합리적이에요
가이드가 열정적이에요"
5,zero,커플여행으로 좋아요,40대,2023.12.27,윤민강 가이드님이 안내하는 여행내내 편하게 여행을 즐길수있었고 쇼핑3회가 포함되었지만 바가지 쓴 기분이 안들도록 많은 배려해주셔서 감사했어요. 호텔도 깔끔하고 조식도 맛있고 객실이 넓고 바다뷰가 끝내줬어요. 추워서 수영장 이용이 힘들었던것이 아쉬웠어요. 패키지 이용하시는 멤버들도 너무 좋고 친절하셔서 3박5일동안 즐거운 여행이 될수있어서 좋았답니다. 날씨요정님이 함께해서 비도 안오고 춥지도 덥지도 않은 여행하기 딱 좋은 날씨였어요. 베트남항공 처음 이용했는데 연착도 없고 어쩜 시간을 딱 맞추는지 신기했어요. 무튼 모든 면에서 만족스...,"객실이 깨끗해요
호텔 부대시설이 좋아요
가이드가 배려 깊고 세심해요"
5,ㅎㅎㅎ,가족여행으로 좋아요,20대,2023.12.20,"11 월에 여행하고 한 달 지났지만 뒤늦은 구구절절 후기 올립니다 ~~ 출발 2주 전 무작정 예약했기 때문에 전혀 기대를 안 하고 갔는데 너무 행복했던 여행이었습니다 ㅎ.ㅎ 엄마랑 둘이서는 처음가는 해외여행이라 걱정했는데 너무 좋은 팀원 분들과 가이드분들과 함께해서 행운이었어요. 제가 혼자 20대라 ,, 어른들 사이에서 적응 못할 것 같았는데 딸처럼 생각해주시고 칭찬도 많이 해주셔서 ㅎㅎ 감사했습니다 남지륜, 또안 가이드님 둘이 조합이 좋은 것 같아요 ㅎ.ㅎ 개인적으로 일처리 답답한 걸 싫어하는데 일정에 막힘이 없었어요~ 깊은...","객실 뷰가 좋아요
일정이 알차요
현지 음식이 맛있어요
가이드가 배려 깊고 세심해요
가격이 합리적이에요"
5,예쁜여우지,가족여행으로 좋아요,40대,2023.12.19,"친정엄마,언니,딸과 함께한 베트남여행~ 남기륜(미남)가이드,호텔,음식,관광 모두 대~만족입니다. 78세 엄마를 모시고 가는 해외여행이라 걱정하며 시작되었는데 남기륜가이드님의 세심한 배려와 친절한 안내 덕분에 즐겁고 맛있고 행복한 여행이 되었어요. 때로는 웃겨주고 때로는 울려주고(ㅋㅋ)... 호텔컨디션과 조식, 수영장 모두 최고였어요~ 1일 1간식도 재밌었구요~ 함께간 가족들에게 좋은상품 잘 골랐다고 칭찬 많이 들었어요. 베트남 여행은 가성비 여행이라고들 해서 별 기대 안했다가 퀄리티에 깜놀했어요~ 선택관광도 하노이,하롱...","호텔 부대시설이 좋아요
일정이 알차요
현지 음식이 맛있어요
가이드가 배려 깊고 세심해요"
5,예쁜여우지,가족여행으로 좋아요,40대,2023.12.19,"친정엄마,언니,딸과 함께한 베트남여행~ 남기륜(미남)가이드,호텔,음식,관광 모두 대~만족입니다. 78세 엄마를 모시고 가는 해외여행이라 걱정하며 시작되었는데 남기륜가이드님의 세심한 배려와 친절한 안내 덕분에 즐겁고 맛있고 행복한 여행이 되었어요. 때로는 웃겨주고 때로는 울려주고(ㅋㅋ)... 호텔컨디션과 조식, 수영장 모두 최고였어요~ 1일 1간식도 재밌었구요~ 함께간 가족들에게 좋은상품 잘 골랐다고 칭찬 많이 들었어요. 베트남 여행은 가성비 여행이라고들 해서 별 기대 안했다가 퀄리티에 깜놀했어요~ 선택관광도 하노이,하롱...","호텔 부대시설이 좋아요
일정이 알차요
현지 음식이 맛있어요
가이드가 배려 깊고 세심해요"
4,jas****,기타,50대,2023.12.15,여행은 너무너무 좋았습니다. 또 가고 싶을 정도로 아주 만족합니다. 사람마다 조금씩 다르니까... 그래도 같이간 동생도 나도 아주 만족합니다. 나는 여행을 마니 다니지 않아서 약장수처럼 보인 가이드가 부담스러웠는데... 여행을 많이 다닌 동생은. 이정도는 양호하다고합니다. 나도 조금 더 여행을 다니면 익숙해 지려나... 그래도 관광은. 너무 너무 좋았습니다~~,"객실이 깨끗해요
일정이 알차요
현지 음식이 맛있어요
가격만큼 가치 있어요"
5,Gina-G,가족여행으로 좋아요,40대,2023.12.15,북한 아프리카빼고 세계 곳곳을 다녔습니다. 아무생각없이갔던 베트남이 재미있어서 다낭 호치민 하노이 순으로 다녀왔습니다. 1.남지륜(aka.미남이)가이드 매우 칭찬합니다. 다시보고 또 봐도 이런 가이드 없어요.. 너무 젊고 상큼?한 아들 뻘 가이드여서 놀랐구요. 부지런하고 착하고 직업에대한 자부심도 있어서 보기 좋았습니다. 같이 합류한 어르신들중 까다로운분이 계셔서 힘들었을건데 화 매우 날 상황에서도 혼자 삭히며 유연하게 넘어가는 모습은 10년 경력아니고 20년은 한듯한 전문적인 솜씨였어요. 숱한 패키지 다니면서도 이렇게 좋은모습보...,"객실이 깨끗해요
일정이 알차요
현지 음식이 맛있어요
가이드가 전문적이에요
가이드가 열정적이에요"
5,마리,가족여행으로 좋아요,40대,2023.12.12,여행 다녀온 직후 가족이 후기를 남겼는데 다시 겨울여행 준비하면서 정말 좋았던 가이드님 생각에 이렇게 다시 글 남겨봅니다. 이재봉 가이드님~ 여행내내 정말 열정적이고 배려도 있으시고 위트 넘치는 분이셔서 여행내내 즐거웠습니다. 식사나 일정도 꼼꼼히 챙기시고 불편함이 없는지 물어주시는 모습이 인상적이였어요~ 여행동안 너무 편하게 즐겁게 지내다와서 좋았습니다. 하롱베이 풍경도 좋았고 일행 분들도 다 좋으신 분들이여서 만족스러웠어요^^ 다음에 또 베트남 여행을 가게 된다면 꼭 가이드님을 다시 만나고 싶네요^^ 일정동안 행복하게 마무리 할...,"즐길 거리가 다양해요
가격만큼 가치 있어요
객실 뷰가 좋아요
가이드가 배려 깊고 세심해요
가이드가 열정적이에요"
5,cha*******,친구모임으로 좋아요,50대,2023.12.09,중년여인4명이 함께한 여행인데요. 딱 좋은것같아요. 옵션 마구 푸쉬하지 않고 좋았어요. 4명 다 맛사지 받는것 보다 문화 체험을 좋아해서 우리가 원하는만큼 옵션 참가 할 수 있어서 또 안전해서 좋았네요.,"객실이 깨끗해요
일정이 알차요
현지 음식이 맛있어요
식당이 청결해요
가격이 합리적이에요"
5,lgr*****,가족여행으로 좋아요,50대,2023.11.24,"김승오 가이드님의 고객에 대한 배려가 감동이었습니다.특히 혼자 온 제가 소외감 느끼지 않도록 세심하게 챙겨 주신 마음에 너무나 감사드립니다. 기대감없이 간 여행이었는데 음식도 맛있었고 5성급 숙소도 시설,뷰 모두 최고였습니다.그야말로 갓성비였습니다.여행을 즐길수 있도록 최고의 서비스를 해주신 김승오 가이드님께 다시한번 감사드립니다~","호텔에서 쉬기 좋아요
즐길 거리가 다양해요
현지 음식이 맛있어요
가격이 합리적이에요
가이드가 배려 깊고 세심해요"
5,yoc*******,친구모임으로 좋아요,60대,2023.11.23,김학술부장님이 아주 친절하고 배려있게 여행내내 잘 해주셨고 시장에서 열대과일을 다양하게 사주셔서 그동안 못먹었던 두리안도 아주 맛있게 먹게되었다. 팀도 우리 4명과 다른 한팀 4명이 아주 잘맞아서 서로 언니 동생하면서 여행내내 즐거운 여정이되었고 하롱베이 호텔도 하롱베이 바다뷰가 끝내주는 객실로 배정해주어서 아주 즐거운 여행이되었다.,"객실 뷰가 좋아요
즐길 거리가 다양해요
현지 음식이 맛있어요
가격이 합리적이에요
가이드가 배려 깊고 세심해요"
4,hyk*****,가족여행으로 좋아요,20대,2023.11.22,"송슬기 가이드님과 함께였습니다. 여자가이드 엄청적다고 하네요. 세심하게 챙겨주셨습니다. 3박5일이였는데 알고보니 첫날에는 8명 다음날 새벽 비행기 두팀(3박4일)으로 총 세 비행기 팀이 합쳐져 22명 여행이였어요. 그래서 첫날은 거의 머 없었네요.. 선택관광은 미리 3가지 정해서 추천해주셨고 솔직히 좀 비싸요 ㅋㅋ.. 그래도 2-3개 정도는 다들 선택하셨습니다. 강요는 전혀 없었어요~ 쇼핑3회는 커피, 침향 말린과일 인데 다 비싸요.. 그리고 커피 말린과일은 금방 끝나는게 침향이 진짜 노답 ㅎㅎ.. 말린과일 200g*(5+1)...","호텔 부대시설이 좋아요
일정이 알차요
즐길 거리가 다양해요
가이드가 배려 깊고 세심해요"
5,gjl**,가족여행으로 좋아요,30대,2023.11.15,"이영준 가이드님께 정말 감사드립니다. 덕분에 행복하고 즐거운 여행이었습니다. 패키지 구성에 대해 말하자면 커플여행보단 가족여행에 가까운 구성입니다. 다만 내용이 괜찮고 즐길거리도 많아서 커플로 가도 괜찮았습니다. 식사는 분짜도 좋았으나 오히려 한식 구성이 아쉬웠습니다. 아무래도 본래 먹던 맛과 괴리감이 조금 있다고 해야할까요. 숙소는 4성급, 5성급호텔로 굉장히 좋았습니다. 부대시설로는 수영장, 헬스장, 라운지바가 있었습니다. 여행에 참고하시기 바랍니다.","호텔 부대시설이 좋아요
일정이 알차요
현지 음식이 맛있어요
가격이 합리적이에요
가이드가 열정적이에요"
5,ser******,가족여행으로 좋아요,30대,2023.11.07,"전반적으로 하나투어에서 작심하고 만든 가성비투어였음. 베트남은 물가가 싸니까 가성비가 좋음! 크루즈 등도 가족들과 재미있는 투어였음. 하롱베이가 정말 장관이어서 너무 좋았음. 배위에서 먹는 밥 맛있고 잘나옴. 가이드는 배려깊고 섬세하고 관광하는 동안 이것저것 알려주는 등 좋았음. 선택관광도 너무너무 좋았어요. 안하면 후회될정도로 하롱베이에서 제트보트와 노젓는 보트타는것도 너무 재미있었구요. 대관람차쪽 노선도 케이블카타기, 대관람차타기, 다낭 바나힐에도 있었던 놀이기구타기( 다낭 바나힐은 대기줄 엄청 길었는데 여긴 엄청 짧음 ㅎ...","객실이 깨끗해요
일정이 알차요
현지 음식이 다양해요
가격이 합리적이에요
가이드가 전문적이에요"
4,하나투어 회원,가족여행으로 좋아요,40대,2023.11.06,"1. 가이드 : ★★★★★ - 여행에 가장 중요한 가이드! 관광 위주로 프로그램이였지만 단순히 볼거리만 제공하는게 아니라 각 장소마다 역사와 의미를 이해하기 쉽게 풀어서 설명도 해주시고 많은 지식을 가지고 전달해주었어요. 또 많은 사람들과 함께 했지만 조율 잘해서 편한 여행이 되도록 해주었어요. 베트남이라는 나라를 이해하는데 큰 도움이 되었어요. 2. 호텔 : ★★★★ - 청결, 환경은 매우 좋았으나 위치가 위치가 다소 외곽에 있어, 자유시간에 주변을 둘러볼 만한 것들이 없어서 아쉬웠어요. 숙소가 현지 분...","일정이 알차요
가이드가 전문적이에요
가격만큼 가치 있어요
객실이 깨끗해요
가이드가 배려 깊고 세심해요"
5,del****,나홀로 여행으로 좋아요,40대,2023.11.05,일딴 하롱베이 숙소가 매우 좋았구요 배위에서 하는 식사와 폭죽 놀이가 재미있었네요 김동현 가이드님은 처음엔 차가워 보였지만 지낼수록 허점도 많고 재미있고 섬세하고 알차게 일정을 짜주셔서 즐거웠어요~ 다음에 베트님 투어를 하면 또 뵙고 싶네요~^^ 너무 재미있고 알찬 여행이 되어서 기분이 좋네요 그리고 하나 투어 에도 감사합니다~^^,"객실이 깨끗해요
일정이 알차요
현지 음식이 맛있어요
호텔에서 쉬기 좋아요
가이드가 배려 깊고 세심해요"
5,phj******,커플여행으로 좋아요,70대,2023.10.30,"솔직이 저가여행이라 걱정이 많았으나 하나투어른 믿고 모험시작, 비행기는 온몸이 괴로웠다. 다행히 현지 가이드나 본사가이드덕에 즐겁게 일정을 마쳤다. 유명식당은 고가라 그런지 회사가이드라인이 좀 야박해 가이드가 보태서 추가해준듯하다. 밥을 네사람이 먹기엔 적고 두사람으로 배러해주었으면^^하롱베이는 조용하고 재미있으며 인상깊었다. 구석구석 설명 덕에 전쟁의 나라에서 도약의 노력이 보이는 베트남을 느끼고 왔다","객실이 깨끗해요
일정이 알차요
현지 음식이 다양해요
가격이 합리적이에요
가이드가 전문적이에요"
5,mos****,기타,60대,2023.10.28,하롱베이는 사진에서 보던것 보다 아름다웠다 날씨도 맑고 덥지 않아서 수묵화 같은 풍광을 즐기기에 더없이 좋았다 안형래 가이드님은 긍정적이고 유모어가 있고. 여유있는 분 이었다 모두에게 편향됨이 없이 골고루 친절하게 배려하는 느낌을 받았다 또 대화 할 때나 설명 할 때 늘 존중하는 언어 사용하는 것이 인상적 이었다 이번 여행에서 형제 자매가 오신 분들이 계셨는데 다정하게 서로 섬기는 모습이 보기 좋았습니다,"객실이 깨끗해요
일정이 여유로워요
현지 음식이 다양해요
가격이 합리적이에요
가이드가 재밌어요"
5,tpd***,아동동반 여행으로 좋아요,30대,2023.10.26,"3박4일 3대가 함께한 하노이&하롱베이여행! 좋은가이드분들과 좋은일행들을 만나 너무나 즐거웠습니다. 모난분하나없이 다들 시간도 잘 지키시고 신사적이시고 매너도 좋으셨어요ㅎㅎ 가족들이 내성적인성격이라 함께 호응하진못했지만 활기찬 분들덕에 너무 유쾌하고 신났네요ㅎㅎ 아기를 처음 데려가는거라 걱정이 많았는데 다들 너무 예뻐해주시고 머리핀도 사주시고, 풍선도 사주시고, 약도 챙겨주시고, 먹을것도 사주시고해서 너무 감사했습니다. 혼자 자유여행만 다니다가 가족들과 같이가는거라 패키지를 선택했는데 잘 선택한거같아요! 호텔도 깨끗하고 크고 조식...","객실이 깨끗해요
일정이 알차요
현지 음식이 맛있어요
가격만큼 가치 있어요
가이드가 배려 깊고 세심해요"
5,jan**********,친구모임으로 좋아요,50대,2023.10.25,3박4일의 일정 하롱베이 하노이 동창녀석들과 함께 50대의 해외 첫여행 음식은 다 맛났는데 파인애플 볶음밥은 정말 맛났어요 호텔은 깔끔하고 불편함 없었고 티톱섬은 도착해 야간비틀진계단을 걸어갔지만 비경은 멋짐 송솟동굴 어마무시하게 컸어요 오천명정도 인원이 들어갈수 있는곳이라 설명을 들었지만 정말 크더라구요 동굴이라 추울줄 알았는데 절대 춥지 않아요 하롱베이는 조용한 도시였어요 크루즈 라이브공연은 공연들으며 뷔페식인데 맛나요 여행자들 노래를 할수있는 기회를 주는데 여러명의 가이드님들이 노래하며 즐거운시간을 보냈네요 하노이...,"객실이 깨끗해요
일정이 알차요
현지 음식이 다양해요
가격이 합리적이에요
가이드가 배려 깊고 세심해요"
5,sur*******,가족여행으로 좋아요,40대,2023.10.15,인생을 살아가다보면 만남과 이별이 순간순간지나고있다. 그순간에 해외여행이라는 4단어를접 한지 14년이지나~2700km떨어져있는 베트남을 선택했다. 네이버를보고 서울에있는 미지로여행세상에 김지영실장과 첫통화 그리고 이어진 타임 세일~4인가족이 쉽지않는결심과 28년 군생활속 에 뜻밖에 연휴를 통해 절묘한 휴가~마치 베트남 을 갈수밖에없는 현실이었던것같았다. 사람을잘 만나면 모든일이 쉽게풀리고 이어지는것처럼 가 고자하는마음이 확고해지고 하나투어 홈피에들어 와 후기를 전부읽게되었다. 이중 전문가적식견과 관광객에게 깊은배려와 담소가가득한 최...,"호텔 부대시설이 좋아요
일정이 알차요
현지 음식이 맛있어요
가격이 합리적이에요
가이드가 배려 깊고 세심해요"
5,sta******,아동동반 여행으로 좋아요,40대,2023.10.15,미남이팀 (남지륜 가이드님!) 너무 좋았습니다.패키지 여행의 단점인 모르는 일행과도 잘 어울리게 분위기 만들어 주시고 옵션도 잘 추천해 주셔서 즐거웠습니다.다음에 또 가고 싶네요. 하롱베이 호텔 너무 뷰 이뻤어요. 1일 1간식 진짜 배터지게 먹고 와서 좋았습니다.,"호텔 부대시설이 좋아요
객실 뷰가 좋아요
즐길 거리가 다양해요
가이드가 배려 깊고 세심해요"
5,아랑졸디,가족여행으로 좋아요,30대,2023.10.13,"패키지여행이 처음이었는데, ★남지륜(aka.미남)가이드 & 또안 현지가이드★ 덕분에 즐거운 여행이었습니다. 1. 호텔: 하노이-노보텔, 하롱베이-알라까르떼 두군데다 좋았어요. 1) 노보텔- 익숙한 호텔이라 부대시설이나 청결도, 서비스등은 당연히 좋았고요, 화장실 휴지가 구매처가 궁금할정도로 충격적으로 너무 좋아요! 2) 알라까르떼- 구글에 안 좋은 리뷰가 있어서 걱정했지만, 신상호텔이라서 굉장히 깔끔하고 부대시설도 꽤 괜찮았습니다. 룸이 꽤 고층이라 룸에서 바라보는 뷰가 참 좋았습니다. 영상을 올릴 수 있다면 뷰를 찍은 영상도 올...","객실이 깨끗해요
일정이 알차요
현지 음식이 맛있어요
가격이 합리적이에요
가이드가 배려 깊고 세심해요"
5,tjdgh6151,가족여행으로 좋아요,30대,2023.10.11,"부모님과 코로나 이후 오랜만에 함께 가는 여행이라 베트남의 더운 날씨가 걱정도 되었지만 기대가 컸어요! 자유여행을 주로 하는 편이지만 패키지는 가이드님의 여러 설명을 들을수있어 좋더라구요!아니나 다를까 요번에 만난 피광현 가이드님!! 베트남 역사부터 이런저런 팁까지 재미있게 알려주시고 일정 중간중간 포인트마다 일행별로 사진까지 다 챙겨주시는 모습이 너무 좋았어요! 그리고 일정 중 생각지도 못했던 망고도시락, 아이스크림, 버블티까지 더운 베트남에서 감사히 잘 먹었습니다. 덕분에 따로 간식에 돈쓸 시간이 없었어요 ㅋㅋ 또, 마지막에 ...","호텔이 관광지와 가까워요
즐길 거리가 다양해요
현지 음식이 맛있어요
식당이 청결해요
가이드가 전문적이에요"
5,cha*****,가족여행으로 좋아요,50대,2023.10.08,"베트남을 처음 여행하는 것이라 먼저 최고의 인기 여행지인 하노이.하롱베이를 선택했습니다. 이번 여행에서는 날씨가 좋아서 비가 거의 안와서 투어가 알차고 순조롭게 진행되었고, 사진도 멋있게 나왔습니다. 가이드님이 포토존마다 단체와 가족별 사진을 열심히 찍어주어서 소중한 추억이 많이 남겨졌고, 추억의 사진들을 모아서 동영상도 만들어 주었습니다. 3일째 하롱베이 크루즈 여행은 너무나 재미있고 멋있고 운치가 있었고, 크루즈 부페도 맛있게 준비되었습니다. 투어에 오신 분들과 담소를 나누면서 한국에서 부산 등에서 이러한 일정과 여정으로 여행한...","호텔 부대시설이 좋아요
일정이 알차요
현지 음식이 맛있어요
가격이 합리적이에요
가이드가 전문적이에요"
5,jeu******,가족여행으로 좋아요,40대,2023.10.05,가족끼리 3박5일 일정 너무 잘 다녀왔어요^^ 하롱베이 강추합니다. 선상 식사도 좋고 무릉도원이 따로 없어요. 하노이 이동시 전용버스가 있어서 이곳저곳 이동 가능한것 같아요. 오토바이가 너무 많음. 그리고 현지 가이드 및 한국가이드님도 너무 친철하고 좋았어요.,"호텔이 관광지와 가까워요
일정이 알차요
현지 음식이 맛있어요
가격이 합리적이에요
가이드가 전문적이에요"
5,김열무,가족여행으로 좋아요,30대,2023.10.04,첫 엄마와의 해외 패키지 여행이라 걱정이 많았습니다. 특히 가이드 걱정을 엄청 했습니다. 걱정과 다르게 설명도 잘해주시고 배려심도 많으셨습니다. 피광현 가이드님을 만나 다행이였습니다. 다만 추석이라 그런지 한 팀의 인원이 너무 많은게 단점이였습니다. 후기 보면 가이드가 일정을 망쳤다라는 후기가 많아 걱정을 많이 했지만 좋은 가이드님을 만나 좋은 여행을 했습니다.,"객실이 깨끗해요
객실 뷰가 좋아요
가이드가 전문적이에요
가이드가 열정적이에요
가이드가 배려 깊고 세심해요"
5,shi********,가족여행으로 좋아요,60대,2023.09.30,코로나끝나고 처음간 여행 즐겁고 알찬 여행이었습니다 ㆍ 여행의반은 가이드라고 하는데 이번담당 정우승가이드님 덕분에 알차고 즐거운 여행을하게되어 칭찬하고 싶습니다 .그냥경치만보고 건물만보는게 아니라 역사적인배경까지 설명해주시니 더욱인상에남고 베트남이라는나라를 이해할수있어서 더욱더 좋았습니다 정성껏준비해주신 과일도시락도 수고하신게 보일정도로 맛나고 정성이 느껴졌습니다 일행분들중 좋은분들도 인연이되고 행복한 여행이었습니다ㆍ 음식점도 좋은곳으로만 선택해서 다닐수있게 해주셔서 맛난식사 즐거웠습니다 정우...,"일정이 알차요
가이드가 전문적이에요
가이드가 열정적이에요
가이드가 배려 깊고 세심해요
현지 음식이 맛있어요"
5,khy*****,가족여행으로 좋아요,60대,2023.09.30,"정우승 가이드님 알차고 즐거운 여행 만들어주셔서 감사합니다. 정성가득한 과일도시락도 준비해주시고, 정말맛있었어요👍 맛있는 음식점 다니고, 일정조율도 잘해주셔서 정말 만족스러운 여행이였어요.","일정이 알차요
가이드가 전문적이에요
가이드가 열정적이에요
가이드가 배려 깊고 세심해요
가이드가 재밌어요"
5,알라지은,가족여행으로 좋아요,30대,2023.09.23,"가족여행으로 간 하노이&하롱베이 가격대비 호텔, 관광일정과 식사모두 만족합니다~ 단, 쇼핑 3회 들어가는거 알고있었지만 이렇게 방에 사람들을 가둬두고 부담스러운 쇼핑인줄 몰랐습니다.. 자유롭게 보게했으면 오히려 좋았지 않았을까 합니다","일정이 알차요
현지 음식이 맛있어요
가격이 합리적이에요
가이드가 열정적이에요
호텔에서 쉬기 좋아요"
5,alsdlstn,친구모임으로 좋아요,60대,2023.09.19,제주여객이 지연되어서 처음에는 좀 짜증났습니다...... 헌데 가이드가 제주항공은 많이 그런다는군요 앞으로 참고가 되었어요...... 3박5일 일정으로 간 하롱베이 여행이었고 날씨또한 너무 좋아서 정말로 가성비 좋은 투어여행 담에도 또 하나투어 이용하려합니다..,"객실이 깨끗해요
일정이 알차요
현지 음식이 맛있어요
가격이 합리적이에요
가이드가 전문적이에요"
5,홍쑤니,친구모임으로 좋아요,50대,2023.09.12,"타임세일로 예약하고 저렴하게 잘다녀왔다 호텔 2곳 다 머물기 좋았다 첫날 묵은 호텔 조식이 너무 좋았고, 두번째 호텔 40층 수영장 전망보고 반해 바로 수영복 입고 물속으로... 패키지가 시간에 쫒기지 않고 다녀서 맘에 들었고 다만 마지막날 일정에 나온곳 다 다니느라 피곤은 했으나 나름 괸찮았다 친구랑 둘이서 싸게 잘놀았다","호텔 부대시설이 좋아요
일정이 여유로워요
가격이 합리적이에요
가이드가 열정적이에요
객실 뷰가 좋아요"
5,fel******,가족여행으로 좋아요,50대,2024.03.11,"부모님을 모시고 해외여행을 처음가는거라 많이 걱정을 했는데 첫째날부터 가이드님의 세심한 배려로 즐거운 여행이 되었답니다. 여행일정중 베트남의 역사와 함께 알찬 내용을 애기해 주시고 여행다니는 동안 옆에서 친절히 설명도 해주시고 이동하는동안에도 지루하지 않게 해주셔서 감사합니다. 베트남 시내구경, 하롱베이의 절경을 보면서 왜 하나투어인지 알것 같았습니다. 하롱베이에서 하나투어 전용 크루즈선을 타고 비경을 즐겼고, 5성급 호텔에서 너무나 편안히 휴식을 취하였답니다. 그리고 경험이 많은 가이드님이라서 그런지 식당도 미리 세팅되어있고, 가...","객실이 깨끗해요
일정이 알차요
현지 음식이 맛있어요
가격이 합리적이에요
가이드가 배려 깊고 세심해요"
5,별들에게,가족여행으로 좋아요,50대,2024.03.10,즐거운 여행이었어요,"객실이 깨끗해요
객실 뷰가 좋아요
일정이 여유로워요
현지 음식이 맛있어요"
5,rbm**,친구모임으로 좋아요,50대,2024.03.10,몇번의 하노이 여행이였지만 제 인생에 한페이지를 남긴 여행이였습니다 김 학술 부장님의 열정적인 태도와 성의 있는 가이드는 본적이 없네요~~ 하나투어의 베스트 인 김학술 부장님 덕에 잊지못할 여행이 였답니다 다시 기게된다 하면 꼭 김 학술 부장님과 다시. 하고 싶네요~~ ㅋㅋ 잊지못할 추억을 남기기 좋은 여행이였답니다~~ 꼭 추천 드리고 싶어요~~,"객실이 깨끗해요
호텔이 관광지와 가까워요
일정이 알차요
가이드가 열정적이에요
가이드가 배려 깊고 세심해요"
5,yek*****,가족여행으로 좋아요,50대,2024.03.08,자매들 가족여행다녀왓어요~ 설렘으로 출발해서 즐겁게 무사히 다녀왓네요. 가이드님 설명잘해주시고 어디서든 세심하게 챙겨주셧어용 감사합니다 ^^,"객실이 깨끗해요
일정이 알차요
현지 음식이 다양해요
가격이 합리적이에요
가이드가 배려 깊고 세심해요"
1,Holygrace,기타,30대,2024.03.06,"다른 제품보다 금액대가 괜찮았고 항공편도 오전 출발 오후 도착이라 어른들과 여행 하긴 좋았습니다. 제가 배정 받은 가이드는 실망스러웠습니다. 가이드님도 최선을 다해주셨겠지만 어른들이과 함께 하는 여행인데 너무 빠르게 빠르게 진행 되어 아쉬웠습니다. 또, 마지막날 점심이 제공 되어야했는데 바로 공항에 이동 하는 등 (거의 4시간 전에 도착함) 케어가 잘 되지 않았습니다. 가이드 배정은 복불복이지만 여행 내내 아쉬움이 남았습니다.","객실이 깨끗해요
가격이 합리적이에요"
2,gee******,가족여행으로 좋아요,40대,2024.03.04,"가이드가 좀 더 성의있었으면 좋겠고, 식사가 따뜻했으면 좋겠고, (맛은 좋음) 가이드와 인솔자가 역할이 분명 다른데 좀 이해 안가는 포인트들이 많았어요. 사람마다 기준이 다르겠지만 의견은 물어 봐야 하는게 기본같은데, 경험이 많다고 대충 후려치듯 넘어가는 ;;;; 그리고 콘텐츠 정리를 좀 명확하게 해주세요. 모둔 일정과 간식을 마치 전부다 할 수 있는 것처럼 넣어놓지 마세요. 간식도 전부 다 주는게 아니고 그중 1개만 주는데 마치 다 주는걸로 보임, 숙소와 음식은 괜찮았고 비가 마니 오는데 케어가 하나도 없었음","객실 뷰가 좋아요
객실이 깨끗해요
현지 음식이 맛있어요"
5,dae*****,친구모임으로 좋아요,60대,2024.03.01,"호텔이나 여행일정은 최고였어요 그런데 가이드의 역사부족이나 역사왜곡은 도를 넘네요 가이드 기준으로 설명하는데 듣기가 거북하더 라구요 그것만 빼면 최고였어요.한달전 태국 가이드와 비교되네요,같은 하나투어인데 왜그럴까요","객실이 깨끗해요
호텔이 관광지와 가까워요
호텔에서 쉬기 좋아요
일정이 알차요
현지 음식이 맛있어요"
5,als******,친구모임으로 좋아요,50대,2024.02.29,여행의 시작은 하나투어. 하나투어 강상준가이드 굉장히 쿨하고 배려심 깊어 하나투어 이미지와 꼭 맞았어요. 다시 만나고싶은 강상준가이드. 고맙습니다!,"객실이 깨끗해요
일정이 알차요
현지 음식이 맛있어요
가격이 합리적이에요
가이드가 배려 깊고 세심해요"
5,bu6***,친구모임으로 좋아요,50대,2024.02.28,가이드님이 자상하게 설명을 잘해주시고 신경을 많이 써주셨어요.,"객실이 깨끗해요
즐길 거리가 다양해요
현지 음식이 다양해요
가격이 합리적이에요
가이드가 전문적이에요"
5,tkf***,가족여행으로 좋아요,40대,2024.02.27,여행3개월전 프로모션초기에 29만원에 예약했는데 너무 질 다녀왔습니다.호텔도 너무 좋고 일정도 알차고 가이드님 친절하시고 동행한 여행객들도 좋고 너무 좋은 시간이었습니다.너무 싸게 다녀와서 여행사에 미안할 정도였음. 담에더 어얼리 프로모션뜨면 또 예약할 예정임 4식구 인당 모두 합해서 45정도들었음.대만족,"객실이 깨끗해요
일정이 알차요
가격이 합리적이에요
가이드가 배려 깊고 세심해요"
5,i70*****,가족여행으로 좋아요,50대,2024.02.25,"너무 재밌었어요 김진만 가이드님 정말 재밌으시고 스케줄도 유동적으로 세심하게 잘 챙겨주셔서 좋았어요.ᐟ.ᐟ 제가 나이가 좀 어린데 첫째날부터 ㅇㅇ아 가자~ 하시면서 이름을 외워서 불러주셔서 더 친근하고 편한 여행이 됐던 것 같아요 1박하는 첫날 호텔보다 2박하는 두번째 호텔이 진짜 좋아요 깨끗하고 시설 좋고 라운지에 뷰 보면서 수영할 수 있게 수영장 있는데 진짜 또 가고싶어요..그리고 이 호텔 조식 쌀국수가 정말 맛있어요 ㅎㅎ 일정도 박물관, 크루즈, 섬, 동굴, 관저, 카페, 롯데타워, 쇼핑 등등 다양하고 좋아용 아침 일찍 일어나...","객실이 깨끗해요
호텔에서 쉬기 좋아요
객실 뷰가 좋아요
일정이 여유로워요
가이드가 재밌어요"
5,별들에게,가족여행으로 좋아요,50대,2024.03.10,즐거운 여행이었어요,"객실이 깨끗해요
객실 뷰가 좋아요
일정이 여유로워요
현지 음식이 맛있어요"
5,rbm**,친구모임으로 좋아요,50대,2024.03.10,몇번의 하노이 여행이였지만 제 인생에 한페이지를 남긴 여행이였습니다 김 학술 부장님의 열정적인 태도와 성의 있는 가이드는 본적이 없네요~~ 하나투어의 베스트 인 김학술 부장님 덕에 잊지못할 여행이 였답니다 다시 기게된다 하면 꼭 김 학술 부장님과 다시. 하고 싶네요~~ ㅋㅋ 잊지못할 추억을 남기기 좋은 여행이였답니다~~ 꼭 추천 드리고 싶어요~~,"객실이 깨끗해요
호텔이 관광지와 가까워요
일정이 알차요
가이드가 열정적이에요
가이드가 배려 깊고 세심해요"
5,yek*****,가족여행으로 좋아요,50대,2024.03.08,자매들 가족여행다녀왓어요~ 설렘으로 출발해서 즐겁게 무사히 다녀왓네요. 가이드님 설명잘해주시고 어디서든 세심하게 챙겨주셧어용 감사합니다 ^^,"객실이 깨끗해요
일정이 알차요
현지 음식이 다양해요
가격이 합리적이에요
가이드가 배려 깊고 세심해요"
1,Holygrace,기타,30대,2024.03.06,"다른 제품보다 금액대가 괜찮았고 항공편도 오전 출발 오후 도착이라 어른들과 여행 하긴 좋았습니다. 제가 배정 받은 가이드는 실망스러웠습니다. 가이드님도 최선을 다해주셨겠지만 어른들이과 함께 하는 여행인데 너무 빠르게 빠르게 진행 되어 아쉬웠습니다. 또, 마지막날 점심이 제공 되어야했는데 바로 공항에 이동 하는 등 (거의 4시간 전에 도착함) 케어가 잘 되지 않았습니다. 가이드 배정은 복불복이지만 여행 내내 아쉬움이 남았습니다.","객실이 깨끗해요
가격이 합리적이에요"
2,gee******,가족여행으로 좋아요,40대,2024.03.04,"가이드가 좀 더 성의있었으면 좋겠고, 식사가 따뜻했으면 좋겠고, (맛은 좋음) 가이드와 인솔자가 역할이 분명 다른데 좀 이해 안가는 포인트들이 많았어요. 사람마다 기준이 다르겠지만 의견은 물어 봐야 하는게 기본같은데, 경험이 많다고 대충 후려치듯 넘어가는 ;;;; 그리고 콘텐츠 정리를 좀 명확하게 해주세요. 모둔 일정과 간식을 마치 전부다 할 수 있는 것처럼 넣어놓지 마세요. 간식도 전부 다 주는게 아니고 그중 1개만 주는데 마치 다 주는걸로 보임, 숙소와 음식은 괜찮았고 비가 마니 오는데 케어가 하나도 없었음","객실 뷰가 좋아요
객실이 깨끗해요
현지 음식이 맛있어요"
5,dae*****,친구모임으로 좋아요,60대,2024.03.01,"호텔이나 여행일정은 최고였어요 그런데 가이드의 역사부족이나 역사왜곡은 도를 넘네요 가이드 기준으로 설명하는데 듣기가 거북하더 라구요 그것만 빼면 최고였어요.한달전 태국 가이드와 비교되네요,같은 하나투어인데 왜그럴까요","객실이 깨끗해요
호텔이 관광지와 가까워요
호텔에서 쉬기 좋아요
일정이 알차요
현지 음식이 맛있어요"
5,als******,친구모임으로 좋아요,50대,2024.02.29,여행의 시작은 하나투어. 하나투어 강상준가이드 굉장히 쿨하고 배려심 깊어 하나투어 이미지와 꼭 맞았어요. 다시 만나고싶은 강상준가이드. 고맙습니다!,"객실이 깨끗해요
일정이 알차요
현지 음식이 맛있어요
가격이 합리적이에요
가이드가 배려 깊고 세심해요"
5,bu6***,친구모임으로 좋아요,50대,2024.02.28,가이드님이 자상하게 설명을 잘해주시고 신경을 많이 써주셨어요.,"객실이 깨끗해요
즐길 거리가 다양해요
현지 음식이 다양해요
가격이 합리적이에요
가이드가 전문적이에요"
5,tkf***,가족여행으로 좋아요,40대,2024.02.27,여행3개월전 프로모션초기에 29만원에 예약했는데 너무 질 다녀왔습니다.호텔도 너무 좋고 일정도 알차고 가이드님 친절하시고 동행한 여행객들도 좋고 너무 좋은 시간이었습니다.너무 싸게 다녀와서 여행사에 미안할 정도였음. 담에더 어얼리 프로모션뜨면 또 예약할 예정임 4식구 인당 모두 합해서 45정도들었음.대만족,"객실이 깨끗해요
일정이 알차요
가격이 합리적이에요
가이드가 배려 깊고 세심해요"
5,i70*****,가족여행으로 좋아요,50대,2024.02.25,"너무 재밌었어요 김진만 가이드님 정말 재밌으시고 스케줄도 유동적으로 세심하게 잘 챙겨주셔서 좋았어요.ᐟ.ᐟ 제가 나이가 좀 어린데 첫째날부터 ㅇㅇ아 가자~ 하시면서 이름을 외워서 불러주셔서 더 친근하고 편한 여행이 됐던 것 같아요 1박하는 첫날 호텔보다 2박하는 두번째 호텔이 진짜 좋아요 깨끗하고 시설 좋고 라운지에 뷰 보면서 수영할 수 있게 수영장 있는데 진짜 또 가고싶어요..그리고 이 호텔 조식 쌀국수가 정말 맛있어요 ㅎㅎ 일정도 박물관, 크루즈, 섬, 동굴, 관저, 카페, 롯데타워, 쇼핑 등등 다양하고 좋아용 아침 일찍 일어나...","객실이 깨끗해요
호텔에서 쉬기 좋아요
객실 뷰가 좋아요
일정이 여유로워요
가이드가 재밌어요"
1,ddd****,가족여행으로 좋아요,30대,2024.02.15,이런 상품은 팔지 마세요 설명절을 껴서 베트남 갔는데 베트남도 설명절이라서 완전 문연곳도 하나도 없고 뭐할때마다 아.. 여기도 닫았습니다. 하면서 ..한것도 없고 먹은것도 없었습니다. 현지식이라고는 한국인이 하는 분짜 한번 먹었고 흔한 쌀국수도 호텔조식으로만 먹었습니다. 설명절이라서 직장인들이 이 시기를 골라서 여행가는걸 뻔히 알면서 그쪽도 설명절로 모든게 다 쉬고 문닫는 나라의 여행상품을 파는 건 상당히 문제가 있지 않나요? 둘째날도 김치찜 저녁은 오삼불고기 다다음날도 순두부찌개 식당 문연데도 없고 그런 한국 관광식당만 ...,
5,lau****,가족여행으로 좋아요,30대,2024.02.14,설연휴를 맞아 아이와 단둘이 베트남으로 여행을 가게 되었습니다 3박5일동안 매일 저희를 인솔해주셨던 하나투어 윤민강 가이드님께서 세심하게 챙겨주신 덕분에 아무탈없이 즐거운 여행을 보내고 와서 아이도 이번 여행이 너무 좋았다고 합니다 설연휴라 베트남 가게들이 거의 닫아서 계획이 조금씩 바뀌는 일이 있었는데 윤민강 가이드님께서 더 좋은 곳으로 대체해 주시고 선택관광 안하는 시간에도 자유관광 할수 있도록 좋은 위치에서 머물게 해주셨습니다 중간중간 베트남에 대한 역사와 여러가지 정보들도 잘 설명해주신덕분에 도움이 많이 되었습니다 여행...,"객실이 깨끗해요
일정이 알차요
현지 음식이 맛있어요
가이드가 배려 깊고 세심해요
가격이 합리적이에요"
5,akr******,가족여행으로 좋아요,50대,2024.02.14,"( 2/7~2/11 ) 추위를 많이 타는데 의도치 않게 베트남 북부지역을 다녀 왔습니다. 하노이 첫날은 비까지 오고 추운 날씨에 급 후회가 되었는데... 마음 좋은 가이드님을 만나 편한 여행이었습니다. 호텔 방 배정 오류에도 베테랑스럽게 일 처리 깔끔하게 하시고, 선택 관광을 하지 않은 멤버분들에게도 마지막 날까지 최선을 다하신 박초아 가이드님 칭찬합니다.★★★★★ 코스모스처럼 여리고 세심하신 가이드님, 꽃길만 걸으세요~","객실이 깨끗해요
가격이 합리적이에요
가이드가 배려 깊고 세심해요
현지 음식이 맛있어요
일정이 알차요"
4,파릇파릇쑥,커플여행으로 좋아요,50대,2024.02.14,3박5일동안 날씨가 흐렸지만 여행하기 딱 좋은 날씨였어요.,"호텔이 관광지와 가까워요
일정이 여유로워요
현지 음식이 맛있어요
가격이 합리적이에요
가이드가 배려 깊고 세심해요"
5,rha********,가족여행으로 좋아요,30대,2024.02.13,아니 ... 여행을 다녀오셔서 ... 가이드얘기만하세욬ㅋㅋㅋㅋㅋㅋ 아직 여행 얘긴...자세히 듣지 못했어요 .. 가이드 잘하더라 재밌더라 아픈사람들 도시락까지 따로 챙겨서 룸에 넣어 줄 정도로 세심하더라 .. 선택관광도 가이드님이 너무재밋게 말씀 잘해주셔서 현지에서 다 하고 오셨대요^^^^^김태현가이드님이랑 베트남 서포터 또완님 너무 감사합니다 덕분에 가족들 모두 너무 즐겁고 인상깊은 여행이 되었다고 패키지가 이렇게 재밌는거냐며 앞으론 패키지로 종종 다니고 싶다 하시네요 어른들끼리만 보내드려 좀 걱정이 되었는데 이야기 듣고 너무 ...,"가격이 합리적이에요
가이드가 전문적이에요
가이드가 열정적이에요
가이드가 배려 깊고 세심해요
가이드가 재밌어요"
5,qsz****,가족여행으로 좋아요,20대,2024.02.13,김태현 가이드님과 또안님 께서 일정 내내 함께 해 주셨어요! 어머니가 몸이 편찮으셔서 일정을 급하게 빠질 일이 잦았는데 잘 대처해주시고 푹 쉴 수 있게 해주셔서 정말 감사했습니다. 너무 즐거운 여행이였어요!🥰,"객실이 깨끗해요
일정이 알차요
호텔이 관광지와 가까워요
식당이 청결해요
현지 음식이 맛있어요"
4,jin****,가족여행으로 좋아요,50대,2024.02.13,가족여행으로 아주 좋았어요 페키지의 특성상 조금은 바쁜 일정이었지만 알차게 구성되어 있었고 재미있었어요,"객실이 깨끗해요
즐길 거리가 다양해요
가이드가 열정적이에요"
5,88v**,가족여행으로 좋아요,50대,2024.02.13,"3박5일간의 기간이 너무나 빨리 지나갔어요. 이번 여행 선택은 정말 탁월한 선택이었네요. 베트남은 베트남인가이드와 한국가이드가 함께 있어야 하는 걸 처음 알았는데, 자국민 보호에 좋은 제도이자, 저희 관광객들한테도 보조가이드가 더 있는 셈이라 좋았어요. 1. 가이드 : 어떤 가이드를 만나느냐에 따라 여행의 과정이 달라질 수 있어서 걱정반 기대반 이었는데 열정적이고, 인간적이고 전문적 지식까지 겸비한 황성범 가이드님을 만나 매우 행복한 여행이 되었어요. 열정적으로 설명해주시고, 최선을 다하시는 모습에 감동을 받았습니다. 뗏기...","일정이 알차요
현지 음식이 맛있어요
가격이 합리적이에요
객실이 깨끗해요
가이드가 전문적이에요"
4,lon*******,가족여행으로 좋아요,60대,2024.02.11,가격대비 훌륭한호텔과 다양한일정으로 즐거운 여행이었어요,"객실이 깨끗해요
객실 뷰가 좋아요
현지 음식이 다양해요
가격이 합리적이에요
가이드가 배려 깊고 세심해요"
5,tod*****,가족여행으로 좋아요,50대,2024.02.11,만족스럽고 기억에 남을 행복한 시간이었습니다,"객실이 깨끗해요
일정이 알차요
현지 음식이 맛있어요
가격이 합리적이에요
가이드가 배려 깊고 세심해요"
